index,Year,Storm Name,Start Date,End Date,Dates,Max Wind Speed (mph),Min pressure (mb),Storm Type
0,1950,ABLE,08-12-50,08-24-50,8/12 - 8/24,110,953.0,Hurricane
1,1950,BAKER,08-18-50,09-01-50,8/18 - 9/1,90,979.0,Hurricane
2,1950,CHARLIE,08-21-50,09-05-50,8/21 - 9/5,95,974.0,Hurricane
3,1950,EASY,09-01-50,09-09-50,9/1 - 9/9,105,960.0,Hurricane
4,1950,FOX,09-08-50,09-17-50,9/8 - 9/17,120,946.0,Hurricane
5,1950,DOG,08-30-50,09-18-50,8/30 - 9/18,125,953.0,Hurricane
6,1950,HOW,10-01-50,10-04-50,10/1 - 10/4,40,,Tropical Storm
7,1950,GEORGE,09-27-50,10-07-50,9/27 - 10/7,95,960.0,Hurricane
8,1950,ITEM,10-08-50,10-11-50,10/8 - 10/11,90,980.0,Hurricane
9,1950,JIG,10-11-50,10-18-50,10/11 - 10/18,100,,Hurricane
10,1950,KING,10-13-50,10-20-50,10/13 - 10/20,115,955.0,Hurricane
11,1950,LOVE,10-18-50,10-22-50,10/18 - 10/22,70,987.0,Hurricane
12,1950,MIKE,10-25-50,10-28-50,10/25 - 10/28,40,,Tropical Storm
13,1951,ABLE,05-16-51,05-24-51,5/16 - 5/24,80,973.0,Hurricane
14,1951,BAKER,08-02-51,08-05-51,8/2 - 8/5,50,996.0,Tropical Storm
15,1951,CHARLIE,08-12-51,08-23-51,8/12 - 8/23,115,968.0,Hurricane
16,1951,DOG,08-27-51,09-05-51,8/27 - 9/5,80,992.0,Hurricane
17,1951,FOX,09-02-51,09-11-51,9/2 - 9/11,100,,Hurricane
18,1951,EASY,09-01-51,09-14-51,9/1 - 9/14,130,937.0,Hurricane
19,1951,GEORGE,09-16-51,09-22-51,9/19 - 9/22,50,999.0,Tropical Storm
20,1951,HOW,09-29-51,10-11-51,9/29 - 10/11,85,963.0,Hurricane
21,1951,ITEM,10-12-51,10-17-51,10/12 - 10/17,55,998.0,Tropical Storm
22,1951,JIG,10-15-51,10-20-51,10/15 - 10/20,65,990.0,Hurricane
23,1952,ABLE,08-18-52,09-03-52,8/18 - 9/3,85,983.0,Hurricane
24,1952,BAKER,08-31-52,09-10-52,8/31 - 9/10,95,969.0,Hurricane
25,1952,DOG,09-24-52,09-30-52,9/24 - 9/30,60,998.0,Tropical Storm
26,1952,CHARLIE,09-24-52,10-01-52,9/24 - 10/1,105,958.0,Hurricane
27,1952,EASY,10-06-52,10-11-52,10/6 - 10/11,90,968.0,Hurricane
28,1952,FOX,10-20-52,10-28-52,10/20 - 10/28,125,934.0,Hurricane
29,1953,ALICE,05-25-53,06-07-53,5/25 - 6/7,60,994.0,Tropical Storm
30,1953,BARBARA,08-11-53,08-16-53,8/11 - 8/16,80,973.0,Hurricane
31,1953,CAROL,08-28-53,09-09-53,8/28 - 9/9,140,929.0,Hurricane
32,1953,DOLLY,09-08-53,09-16-53,9/8 - 9/16,65,989.0,Hurricane
33,1953,EDNA,09-15-53,09-21-53,9/15 - 9/21,100,962.0,Hurricane
34,1953,FLORENCE,09-23-53,09-27-53,9/23 - 9/27,100,968.0,Hurricane
35,1953,GAIL,10-02-53,10-12-53,10/2 - 10/12,70,986.0,Hurricane
36,1953,HAZEL,10-07-53,10-16-53,10/7 - 10/16,75,989.0,Hurricane
37,1954,ALICE,06-24-54,06-24-54,6/24 - 6/27,95,,Hurricane
38,1954,BARBARA,07-27-54,07-30-54,7/27 - 7/30,50,999.0,Tropical Storm
39,1954,CAROL,08-25-54,09-01-54,8/25 - 9/1,100,955.0,Hurricane
40,1954,DOLLY,08-31-54,09-04-54,8/31 - 9/4,75,994.0,Hurricane
41,1954,FLORENCE,09-10-54,09-12-54,9/10 - 9/12,55,1001.0,Tropical Storm
42,1954,EDNA,09-05-54,09-14-54,9/5 - 9/14,110,943.0,Hurricane
43,1954,GILDA,09-24-54,09-30-54,9/24 - 9/30,60,998.0,Tropical Storm
44,1954,HAZEL,10-05-54,10-18-54,10/5 - 10/18,115,938.0,Hurricane
45,1954,ALICE,12-30-54,01-06-55,12/30 - 1/6,80,991.0,Hurricane
46,1955,BRENDA,07-31-55,08-03-55,7/31 - 8/3,60,,Tropical Storm
47,1955,CONNIE,08-03-55,08-15-55,8/3 - 8/15,120,944.0,Hurricane
48,1955,DIANE,08-07-55,08-23-55,8/7 - 8/23,90,969.0,Hurricane
49,1955,EDITH,08-21-55,09-05-55,8/21 - 9/5,85,967.0,Hurricane
50,1955,GLADYS,09-03-55,09-06-55,9/3 - 9/6,65,996.0,Hurricane
51,1955,FLORA,09-02-55,09-09-55,9/2 - 9/9,90,967.0,Hurricane
52,1955,HILDA,09-12-55,09-20-55,9/12 - 9/20,105,952.0,Hurricane
53,1955,IONE,09-10-55,09-27-55,9/10 - 9/27,120,938.0,Hurricane
54,1955,JANET,09-21-55,09-30-55,9/21 - 9/30,150,914.0,Hurricane
55,1955,KATIE,10-14-55,10-19-55,10/14 - 10/19,95,984.0,Hurricane
56,1956,ANNA,07-25-56,07-27-56,7/25 - 7/27,75,991.0,Hurricane
57,1956,BETSY,08-09-56,08-21-56,8/9 - 8/21,105,954.0,Hurricane
58,1956,DORA,09-10-56,09-13-56,9/10 - 9/13,50,1000.0,Tropical Storm
59,1956,ETHEL,09-11-56,09-14-56,9/11 - 9/14,50,999.0,Tropical Storm
60,1956,CARLA,09-07-56,09-16-56,9/7 - 9/16,60,1000.0,Tropical Storm
61,1956,FLOSSY,09-20-56,10-03-56,9/20 - 10/3,80,974.0,Hurricane
62,1956,GRETA,10-31-56,11-07-56,10/31 - 11/7,85,970.0,Hurricane
63,1957,AUDREY,06-24-57,06-29-57,6/24 - 6/29,110,946.0,Hurricane
64,1957,BERTHA,08-08-57,08-11-57,8/8 - 8/11,55,998.0,Tropical Storm
65,1957,DEBBIE,09-07-57,09-09-57,9/7 - 9/9,35,1003.0,Tropical Storm
66,1957,ESTHER,09-16-57,09-19-57,9/16 - 9/19,55,1000.0,Tropical Storm
67,1957,CARRIE,09-02-57,09-25-57,9/2 - 9/25,120,945.0,Hurricane
68,1957,FRIEDA,09-20-57,09-27-57,9/20 - 9/27,75,975.0,Hurricane
69,1958,ALMA,06-14-58,06-16-58,6/14 - 6/16,55,,Tropical Storm
70,1958,BECKY,08-08-58,08-17-58,8/8 - 8/17,60,1004.0,Tropical Storm
71,1958,CLEO,08-11-58,08-22-58,8/11 - 8/22,120,947.0,Hurricane
72,1958,DAISY,08-23-58,08-31-58,8/23 - 8/31,115,948.0,Hurricane
73,1958,ELLA,08-30-58,09-07-58,8/30 - 9/7,95,983.0,Hurricane
74,1958,FIFI,09-04-58,09-11-58,9/4 - 9/11,75,1000.0,Hurricane
75,1958,GERDA,09-14-58,09-22-58,9/14 - 9/22,50,1001.0,Tropical Storm
76,1958,ILSA,09-24-58,09-30-58,9/24 - 9/30,95,956.0,Hurricane
77,1958,HELENE,09-21-58,10-04-58,9/21 - 10/4,130,930.0,Hurricane
78,1958,JANICE,10-04-58,10-13-58,10/4 - 10/13,85,968.0,Hurricane
79,1959,ARLENE,05-28-59,06-02-59,5/28 - 6/2,55,993.0,Tropical Storm
80,1959,BEULAH,06-15-59,06-19-59,6/15 - 6/19,60,985.0,Tropical Storm
81,1959,CINDY,07-04-59,07-12-59,7/4 - 7/12,65,995.0,Hurricane
82,1959,DEBRA,07-22-59,07-27-59,7/22 - 7/27,75,980.0,Hurricane
83,1959,EDITH,08-18-59,08-19-59,8/18 - 8/19,50,1007.0,Tropical Storm
84,1959,FLORA,09-09-59,09-13-59,9/9 - 9/13,65,994.0,Hurricane
85,1959,GRACIE,09-20-59,10-02-59,9/20 - 10/2,115,951.0,Hurricane
86,1959,HANNAH,09-27-59,10-08-59,9/27 - 10/8,105,959.0,Hurricane
87,1959,IRENE,10-06-59,10-09-59,10/6 - 10/9,40,1000.0,Tropical Storm
88,1959,JUDITH,10-14-59,10-22-59,10/14 - 10/22,75,988.0,Hurricane
89,1960,ABBY,07-09-60,07-17-60,7/9 - 7/17,70,995.0,Hurricane
90,1960,BRENDA,07-27-60,08-07-60,7/27 - 8/7,60,976.0,Tropical Storm
91,1960,CLEO,08-17-60,08-21-60,8/17 - 8/21,75,995.0,Hurricane
92,1960,DONNA,08-29-60,09-14-60,8/29 - 9/14,125,930.0,Hurricane
93,1960,ETHEL,09-12-60,09-17-60,9/12 - 9/17,100,974.0,Hurricane
94,1960,FLORENCE,09-17-60,09-26-60,9/17 - 9/26,50,1000.0,Tropical Storm
95,1961,ANNA,07-17-61,07-25-61,7/17 - 7/25,90,976.0,Hurricane
96,1961,BETSY,09-02-61,09-16-61,9/2 - 9/16,115,945.0,Hurricane
97,1961,CARLA,09-03-61,09-18-61,9/3 - 9/18,125,927.0,Hurricane
98,1961,DEBBIE,09-05-61,09-18-61,9/5 - 9/18,80,961.0,Hurricane
99,1961,ESTHER,09-10-61,09-27-61,9/10 - 9/27,140,919.0,Hurricane
100,1961,FRANCES,09-30-61,10-10-61,9/30 - 10/10,115,948.0,Hurricane
101,1961,GERDA,10-17-61,10-22-61,10/17 - 10/22,65,988.0,Tropical Storm
102,1961,HATTIE,10-26-61,11-01-61,10/26 - 11/1,145,914.0,Hurricane
103,1961,SIMONE,11-01-61,11-03-61,11/1 - 11/3,45,,Tropical Storm
104,1961,INGA,11-04-61,11-08-61,11/4 - 11/8,60,997.0,Tropical Storm
105,1961,JENNY,11-02-61,11-11-61,11/2 - 11/11,70,974.0,Hurricane
106,1962,BECKY,08-27-62,09-01-62,8/27 - 9/1,50,,Tropical Storm
107,1962,ALMA,08-26-62,09-02-62,8/26 - 9/2,75,984.0,Hurricane
108,1962,CELIA,09-12-62,09-21-62,9/12 - 9/21,60,995.0,Tropical Storm
109,1962,DAISY,09-29-62,10-09-62,9/29 - 10/9,90,950.0,Hurricane
110,1962,ELLA,10-14-62,10-25-62,10/14 - 10/25,95,958.0,Hurricane
111,1963,ARLENE,07-31-63,08-14-63,7/31 - 8/14,100,969.0,Hurricane
112,1963,BEULAH,08-20-63,09-08-63,8/20 - 9/8,105,958.0,Hurricane
113,1963,CINDY,09-16-63,09-20-63,9/16 - 9/20,55,996.0,Tropical Storm
114,1963,DEBRA,09-19-63,09-24-63,9/19 - 9/24,65,999.0,Hurricane
115,1963,EDITH,09-23-63,09-29-63,9/23 - 9/29,85,990.0,Hurricane
116,1963,FLORA,09-28-63,10-17-63,9/28 - 10/17,130,933.0,Hurricane
117,1963,GINNY,10-17-63,10-30-63,10/17 - 10/30,95,948.0,Hurricane
118,1963,HELENA,10-25-63,10-30-63,10/25 - 10/30,45,1002.0,Tropical Storm
119,1964,ABBY,08-05-64,08-08-64,8/5 - 8/8,60,1000.0,Tropical Storm
120,1964,BRENDA,08-08-64,08-10-64,8/8 - 8/10,45,1006.0,Tropical Storm
121,1964,FLORENCE,09-05-64,09-10-64,9/5 - 9/10,40,1003.0,Tropical Storm
122,1964,CLEO,08-20-64,09-11-64,8/20 - 9/11,130,938.0,Hurricane
123,1964,DORA,08-28-64,09-16-64,8/28 - 9/16,115,942.0,Hurricane
124,1964,ETHEL,09-04-64,09-17-64,9/4 - 9/17,90,969.0,Hurricane
125,1964,GLADYS,09-13-64,09-25-64,9/13 - 9/25,115,945.0,Hurricane
126,1964,HILDA,09-28-64,10-07-64,9/28 - 10/7,120,941.0,Hurricane
127,1964,ISBELL,10-09-64,10-16-64,10/9 - 10/16,100,964.0,Hurricane
128,1965,ANNA,08-21-65,08-26-65,8/21 - 8/26,90,,Hurricane
129,1965,BETSY,08-27-65,09-13-65,8/27 - 9/13,120,942.0,Hurricane
130,1965,DEBBIE,09-24-65,09-30-65,9/24 - 9/30,50,1000.0,Tropical Storm
131,1965,CAROL,09-16-65,10-03-65,9/16 - 10/3,80,974.0,Hurricane
132,1965,ELENA,10-12-65,10-20-65,10/12 - 10/20,95,977.0,Hurricane
133,1966,ALMA,06-05-66,06-14-66,6/5 - 6/14,100,970.0,Hurricane
134,1966,BECKY,06-30-66,07-03-66,6/30 - 7/3,75,984.0,Hurricane
135,1966,CELIA,07-13-66,07-22-66,7/13 - 7/22,65,994.0,Hurricane
136,1966,ELLA,07-22-66,07-28-66,7/22 - 7/28,35,1008.0,Tropical Storm
137,1966,DOROTHY,07-21-66,07-31-66,7/21 - 7/31,75,989.0,Hurricane
138,1966,GRETA,09-01-66,09-06-66,9/1 - 9/6,45,1004.0,Tropical Storm
139,1966,FAITH,08-21-66,09-07-66,8/21 - 9/7,105,950.0,Hurricane
140,1966,HALLIE,09-20-66,09-21-66,9/20 - 9/21,50,997.0,Tropical Storm
141,1966,JUDITH,09-27-66,09-30-66,9/27 - 9/30,40,1007.0,Tropical Storm
142,1966,INEZ,09-21-66,10-11-66,9/21 - 10/11,145,927.0,Hurricane
143,1966,KENDRA,10-03-66,10-11-66,10/3 - 10/11,30,,Tropical Depression
144,1966,LOIS,11-04-66,11-14-66,11/4 - 11/14,75,983.0,Hurricane
145,1967,ARLENE,08-28-67,09-05-67,8/28 - 9/5,80,982.0,Hurricane
146,1967,CHLOE,09-04-67,09-21-67,9/4 - 9/21,95,958.0,Hurricane
147,1967,DORIA,09-04-67,09-21-67,9/4 - 9/21,85,973.0,Hurricane
148,1967,BEULAH,09-05-67,09-24-67,9/5 - 9/24,140,923.0,Hurricane
149,1967,EDITH,09-26-67,10-01-67,9/26 - 10/1,45,1000.0,Tropical Storm
150,1967,FERN,10-01-67,10-04-67,10/1 - 10/4,65,987.0,Hurricane
151,1967,GINGER,10-05-67,10-08-67,10/5 - 10/8,45,1011.0,Tropical Storm
152,1967,HEIDI,10-19-67,11-02-67,10/19 - 11/2,75,981.0,Hurricane
153,1968,ABBY,06-01-68,06-13-68,6/1 - 6/13,65,992.0,Hurricane
154,1968,BRENDA,06-18-68,06-26-68,6/18 - 6/26,70,990.0,Hurricane
155,1968,CANDY,06-22-68,06-26-68,6/22 - 6/26,60,995.0,Tropical Storm
156,1968,DOLLY,08-10-68,08-17-68,8/10 - 8/17,75,985.0,Hurricane
157,1968,EDNA,09-13-68,09-17-68,9/13 - 9/17,60,1012.0,Tropical Storm
158,1968,FRANCES,09-23-68,09-29-68,9/23 - 9/29,50,1001.0,Tropical Storm
159,1968,GLADYS,10-13-68,10-21-68,10/13 - 10/21,85,977.0,Hurricane
160,1970,ALMA,05-17-70,05-27-70,5/17 - 5/27,65,993.0,Hurricane
161,1970,BECKY,07-19-70,07-23-70,7/19 - 7/23,55,1003.0,Tropical Storm
162,1970,CELIA,07-31-70,08-05-70,7/31 - 8/5,120,944.0,Hurricane
163,1970,DOROTHY,08-18-70,08-22-70,8/18 - 8/22,60,996.0,Tropical Storm
164,1970,ELLA,09-08-70,09-13-70,9/8 - 9/13,110,962.0,Hurricane
165,1970,FELICE,09-12-70,09-19-70,9/12 - 9/19,60,990.0,Tropical Storm
166,1970,GRETA,09-26-70,10-04-70,9/26 - 10/4,40,1003.0,Tropical Storm
167,1971,ARLENE,07-04-71,07-08-71,7/4 - 7/8,55,1000.0,Tropical Storm
168,1971,BETH,08-10-71,08-17-71,8/10 - 8/17,75,977.0,Hurricane
169,1971,CHLOE,08-18-71,08-25-71,8/18 - 8/25,55,1004.0,Tropical Storm
170,1971,DORIA,08-20-71,08-29-71,8/20 - 8/29,55,989.0,Tropical Storm
171,1971,FERN,09-03-71,09-13-71,9/3 - 9/13,80,978.0,Hurricane
172,1971,HEIDI,09-11-71,09-15-71,9/11 - 9/15,55,996.0,Tropical Storm
173,1971,EDITH,09-05-71,09-18-71,9/5 - 9/18,140,943.0,Hurricane
174,1971,JANICE,09-21-71,09-24-71,9/21 - 9/24,55,1005.0,Tropical Storm
175,1971,IRENE:OLIVIA,09-11-71,10-01-71,9/11 - 10/1,100,948.0,Hurricane
176,1971,GINGER,09-06-71,10-05-71,9/6 - 10/5,95,959.0,Hurricane
177,1971,KRISTY,10-18-71,10-21-71,10/18 - 10/21,45,992.0,Tropical Storm
178,1971,LAURA,11-12-71,11-22-71,11/12 - 11/22,60,994.0,Tropical Storm
179,1972,ALPHA,05-23-72,05-29-72,5/23 - 5/29,60,991.0,Subtropical Storm
180,1972,AGNES,06-14-72,06-23-72,6/14 - 6/23,75,977.0,Hurricane
181,1972,BETTY,08-22-72,09-01-72,8/22 - 9/1,90,976.0,Hurricane
182,1972,CARRIE,08-29-72,09-05-72,8/29 - 9/5,60,992.0,Tropical Storm
183,1972,DAWN,09-05-72,09-14-72,9/5 - 9/14,70,997.0,Hurricane
184,1972,CHARLIE,09-19-72,09-22-72,9/19 - 9/22,60,944.0,Extratropical
185,1972,DELTA,11-01-72,11-07-72,11/1 - 11/7,40,1001.0,Subtropical Storm
186,1973,ALICE,07-01-73,07-07-73,7/1 - 7/7,80,986.0,Hurricane
187,1973,ALFA,07-30-73,08-02-73,7/30 - 8/2,40,1005.0,Subtropical Storm
188,1973,BRENDA,08-18-73,08-22-73,8/18 - 8/22,80,977.0,Hurricane
189,1973,CHRISTINE,08-25-73,09-04-73,8/25 - 9/4,60,996.0,Tropical Storm
190,1973,DELIA,09-01-73,09-07-73,9/1 - 9/7,60,986.0,Tropical Storm
191,1973,ELLEN,09-14-73,09-23-73,9/14 - 9/23,100,962.0,Hurricane
192,1973,FRAN,10-08-73,10-13-73,10/8 - 10/13,70,978.0,Hurricane
193,1973,GILDA,10-16-73,10-30-73,10/16 - 10/30,60,968.0,Tropical Storm
194,1974,ALMA,08-12-74,08-15-74,8/12 - 8/15,55,1007.0,Tropical Storm
195,1974,BECKY,08-26-74,09-02-74,8/26 - 9/2,100,977.0,Hurricane
196,1974,DOLLY,09-02-74,09-05-74,9/2 - 9/5,45,1004.0,Tropical Storm
197,1974,CARMEN,08-29-74,09-10-74,8/29 - 9/10,130,928.0,Hurricane
198,1974,ELAINE,09-04-74,09-14-74,9/4 - 9/14,60,1001.0,Tropical Storm
199,1974,FIFI:ORLENE,09-14-74,09-24-74,9/14 - 9/24,95,971.0,Hurricane
200,1974,GERTRUDE,09-27-74,10-04-74,9/27 - 10/4,65,999.0,Hurricane
201,1975,AMY,06-27-75,07-04-75,6/27 - 7/4,60,981.0,Tropical Storm
202,1975,BLANCHE,07-24-75,07-28-75,7/24 - 7/28,75,980.0,Hurricane
203,1975,CAROLINE,08-24-75,09-01-75,8/24 - 9/1,100,963.0,Hurricane
204,1975,DORIS,08-28-75,09-04-75,8/28 - 9/4,95,965.0,Hurricane
205,1975,ELOISE,09-13-75,09-24-75,9/13 - 9/24,110,955.0,Hurricane
206,1975,FAYE,09-18-75,09-29-75,9/18 - 9/29,90,977.0,Hurricane
207,1975,GLADYS,09-22-75,10-04-75,9/22 - 10/4,120,939.0,Hurricane
208,1975,HALLIE,10-24-75,10-28-75,10/24 - 10/28,45,1002.0,Tropical Storm
209,1976,ANNA,07-28-76,08-06-76,7/28 - 8/6,45,999.0,Tropical Storm
210,1976,BELLE,08-06-76,08-10-76,8/6 - 8/10,105,957.0,Hurricane
211,1976,DOTTIE,08-18-76,08-21-76,8/18 - 8/21,45,996.0,Tropical Storm
212,1976,CANDICE,08-18-76,08-24-76,8/18 - 8/24,80,964.0,Hurricane
213,1976,EMMY,08-20-76,09-04-76,8/20 - 9/4,90,974.0,Hurricane
214,1976,FRANCES,08-27-76,09-07-76,8/27 - 9/7,100,963.0,Hurricane
215,1976,GLORIA,09-26-76,10-05-76,9/26 - 10/5,90,970.0,Hurricane
216,1976,HOLLY,10-22-76,10-29-76,10/22 - 10/29,65,990.0,Hurricane
217,1977,ANITA,08-29-77,09-03-77,8/29 - 9/3,150,926.0,Hurricane
218,1977,BABE,09-03-77,09-09-77,9/3 - 9/9,65,995.0,Hurricane
219,1977,CLARA,09-05-77,09-12-77,9/5 - 9/12,65,993.0,Hurricane
220,1977,DOROTHY,09-26-77,09-30-77,9/26 - 9/30,75,980.0,Hurricane
221,1977,EVELYN,10-13-77,10-16-77,10/13 - 10/16,70,994.0,Hurricane
222,1977,FRIEDA,10-16-77,10-19-77,10/16 - 10/19,50,1005.0,Tropical Storm
223,1978,AMELIA,07-30-78,08-01-78,7/30 - 8/1,45,1005.0,Tropical Storm
224,1978,BESS,08-05-78,08-08-78,8/5 - 8/8,45,1005.0,Tropical Storm
225,1978,CORA,08-07-78,08-12-78,8/7 - 8/12,80,980.0,Hurricane
226,1978,DEBRA,08-26-78,08-29-78,8/26 - 8/29,50,1000.0,Tropical Storm
227,1978,ELLA,08-30-78,09-05-78,8/30 - 9/5,120,956.0,Hurricane
228,1978,FLOSSIE,09-04-78,09-16-78,9/4 - 9/16,85,976.0,Hurricane
229,1978,GRETA,09-13-78,09-20-78,9/13 - 9/20,115,947.0,Hurricane
230,1978,HOPE,09-12-78,09-21-78,9/12 - 9/21,55,987.0,Tropical Storm
231,1978,IRMA,10-02-78,10-05-78,10/2 - 10/5,45,1001.0,Tropical Storm
232,1978,JULIET,10-07-78,10-11-78,10/7 - 10/11,45,1006.0,Tropical Storm
233,1978,KENDRA,10-28-78,11-03-78,10/28 - 11/3,70,990.0,Hurricane
234,1979,ANA,06-19-79,06-24-79,6/19 - 6/24,50,1005.0,Tropical Storm
235,1979,BOB,07-09-79,07-16-79,7/9 - 7/16,65,986.0,Hurricane
236,1979,CLAUDETTE,07-15-79,07-29-79,7/15 - 7/29,45,997.0,Tropical Storm
237,1979,ELENA,08-30-79,09-02-79,8/30 - 9/2,35,1004.0,Tropical Storm
238,1979,DAVID,08-25-79,09-08-79,8/25 - 9/8,150,924.0,Hurricane
239,1979,FREDERIC,08-29-79,09-15-79,8/29 - 9/15,115,943.0,Hurricane
240,1979,GLORIA,09-04-79,09-15-79,9/4 - 9/15,85,975.0,Hurricane
241,1979,HENRI,09-15-79,09-24-79,9/15 - 9/24,75,983.0,Hurricane
242,1980,ALLEN,07-31-80,08-11-80,7/31 - 8/11,165,899.0,Hurricane
243,1980,BONNIE,08-14-80,08-19-80,8/14 - 8/19,85,975.0,Hurricane
244,1980,CHARLEY,08-20-80,08-25-80,8/20 - 8/25,70,989.0,Hurricane
245,1980,DANIELLE,09-04-80,09-07-80,9/4 - 9/7,50,1004.0,Tropical Storm
246,1980,GEORGES,09-01-80,09-08-80,9/1 - 9/8,70,993.0,Hurricane
247,1980,EARL,09-04-80,09-11-80,9/4 - 9/11,65,985.0,Hurricane
248,1980,FRANCES,09-06-80,09-21-80,9/6 - 9/21,100,958.0,Hurricane
249,1980,HERMINE,09-20-80,09-26-80,9/20 - 9/26,60,993.0,Tropical Storm
250,1980,IVAN,10-01-80,10-12-80,10/1 - 10/12,90,970.0,Hurricane
251,1980,JEANNE,11-07-80,11-16-80,11/7 - 11/16,85,986.0,Hurricane
252,1980,KARL,11-25-80,11-28-80,11/25 - 11/28,75,985.0,Hurricane
253,1981,ARLENE,05-06-81,05-09-81,5/6 - 5/9,50,999.0,Tropical Storm
254,1981,BRET,06-29-81,07-01-81,6/29 - 7/1,60,996.0,Tropical Storm
255,1981,CINDY,08-02-81,08-05-81,8/2 - 8/5,50,1002.0,Tropical Storm
256,1981,DENNIS,08-07-81,08-22-81,8/7 - 8/22,70,995.0,Hurricane
257,1981,FLOYD,09-03-81,09-12-81,9/3 - 9/12,100,975.0,Hurricane
258,1981,EMILY,08-31-81,09-12-81,8/31 - 9/12,80,966.0,Hurricane
259,1981,GERT,09-07-81,09-15-81,9/7 - 9/15,90,988.0,Hurricane
260,1981,HARVEY,09-11-81,09-20-81,9/11 - 9/20,115,946.0,Hurricane
261,1981,IRENE,09-21-81,10-03-81,9/21 - 10/3,105,959.0,Hurricane
262,1981,JOSE,10-29-81,11-02-81,10/29 - 11/2,45,998.0,Tropical Storm
263,1981,KATRINA,11-03-81,11-07-81,11/3 - 11/7,75,980.0,Hurricane
264,1982,ALBERTO,06-02-82,06-06-82,6/2 - 6/6,75,985.0,Hurricane
265,1982,BERYL,08-28-82,09-06-82,8/28 - 9/6,60,989.0,Tropical Storm
266,1982,CHRIS,09-09-82,09-12-82,9/9 - 9/12,55,994.0,Tropical Storm
267,1982,DEBBY,09-13-82,09-20-82,9/13 - 9/20,115,950.0,Hurricane
268,1982,ERNESTO,09-30-82,10-03-82,9/30 - 10/3,60,997.0,Tropical Storm
269,1983,ALICIA,08-15-83,08-21-83,8/15 - 8/21,100,962.0,Hurricane
270,1983,BARRY,08-23-83,08-29-83,8/23 - 8/29,70,986.0,Hurricane
271,1983,CHANTAL,09-10-83,09-15-83,9/10 - 9/15,65,994.0,Hurricane
272,1983,DEAN,09-26-83,09-30-83,9/26 - 9/30,55,999.0,Tropical Storm
273,1984,CESAR,08-31-84,09-02-84,8/31 - 9/2,50,989.0,Tropical Storm
274,1984,BERTHA,08-30-84,09-04-84,8/30 - 9/4,35,1007.0,Tropical Storm
275,1984,ARTHUR,08-28-84,09-05-84,8/28 - 9/5,45,1004.0,Tropical Storm
276,1984,EDOUARD,09-14-84,09-15-84,9/14 - 9/15,55,998.0,Tropical Storm
277,1984,DIANA,09-08-84,09-16-84,9/8 - 9/16,115,949.0,Hurricane
278,1984,GUSTAV,09-16-84,09-19-84,9/16 - 9/19,45,1006.0,Tropical Storm
279,1984,FRAN,09-15-84,09-20-84,9/15 - 9/20,55,994.0,Tropical Storm
280,1984,ISIDORE,09-25-84,10-01-84,9/25 - 10/1,50,999.0,Tropical Storm
281,1984,HORTENSE,09-23-84,10-02-84,9/23 - 10/2,65,993.0,Hurricane
282,1984,JOSEPHINE,10-07-84,10-21-84,10/7 - 10/21,90,965.0,Hurricane
283,1984,KLAUS,11-05-84,11-13-84,11/5 - 11/13,80,971.0,Hurricane
284,1984,LILI,12-12-84,12-24-84,12/12 - 12/24,70,980.0,Hurricane
285,1985,ANA,07-15-85,07-19-85,7/15 - 7/19,60,996.0,Tropical Storm
286,1985,BOB,07-21-85,07-26-85,7/21 - 7/26,65,1002.0,Hurricane
287,1985,CLAUDETTE,08-09-85,08-17-85,8/9 - 8/17,75,980.0,Hurricane
288,1985,DANNY,08-12-85,08-20-85,8/12 - 8/20,80,987.0,Hurricane
289,1985,ELENA,08-28-85,09-04-85,8/28 - 9/4,110,953.0,Hurricane
290,1985,FABIAN,09-15-85,09-19-85,9/15 - 9/19,55,994.0,Tropical Storm
291,1985,HENRI,09-21-85,09-25-85,9/21 - 9/25,50,996.0,Tropical Storm
292,1985,GLORIA,09-16-85,10-02-85,9/16 - 10/2,125,920.0,Hurricane
293,1985,ISABEL,10-07-85,10-15-85,10/7 - 10/15,60,997.0,Tropical Storm
294,1985,JUAN,10-26-85,11-01-85,10/26 - 11/1,75,971.0,Hurricane
295,1985,KATE,11-15-85,11-23-85,11/15 - 11/23,105,954.0,Hurricane
296,1986,ANDREW,06-05-86,06-08-86,6/5 - 6/8,45,999.0,Tropical Storm
297,1986,BONNIE,06-23-86,06-28-86,6/23 - 6/28,75,990.0,Hurricane
298,1986,CHARLEY,08-13-86,08-30-86,8/13 - 8/30,70,980.0,Hurricane
299,1986,DANIELLE,09-07-86,09-10-86,9/7 - 9/10,50,1000.0,Tropical Storm
300,1986,EARL,09-10-86,09-20-86,9/10 - 9/20,90,979.0,Hurricane
301,1986,FRANCES,11-18-86,11-21-86,11/18 - 11/21,75,1000.0,Hurricane
302,1987,BRET,08-18-87,08-24-87,8/18 - 8/24,45,1000.0,Tropical Storm
303,1987,ARLENE,08-08-87,08-28-87,8/8 - 8/28,65,987.0,Hurricane
304,1987,CINDY,09-05-87,09-10-87,9/5 - 9/10,45,1000.0,Tropical Storm
305,1987,DENNIS,09-08-87,09-20-87,9/8 - 9/20,45,1000.0,Tropical Storm
306,1987,EMILY,09-20-87,09-26-87,9/20 - 9/26,110,958.0,Hurricane
307,1987,FLOYD,10-09-87,10-14-87,10/9 - 10/14,65,993.0,Hurricane
308,1988,ALBERTO,08-05-88,08-08-88,8/5 - 8/8,35,1002.0,Tropical Storm
309,1988,BERYL,08-08-88,08-10-88,8/8 - 8/10,45,1001.0,Tropical Storm
310,1988,CHRIS,08-21-88,08-30-88,8/21 - 8/30,45,1005.0,Tropical Storm
311,1988,ERNESTO,09-03-88,09-05-88,9/3 - 9/5,55,994.0,Tropical Storm
312,1988,DEBBY,08-31-88,09-08-88,8/31 - 9/8,65,987.0,Hurricane
313,1988,FLORENCE,09-07-88,09-11-88,9/7 - 9/11,70,982.0,Hurricane
314,1988,GILBERT,09-08-88,09-20-88,9/8 - 9/20,160,888.0,Hurricane
315,1988,HELENE,09-19-88,09-30-88,9/19 - 9/30,125,938.0,Hurricane
316,1988,ISAAC,09-28-88,10-01-88,9/28 - 10/1,40,1005.0,Tropical Storm
317,1988,JOAN-MIRIAM,10-10-88,11-02-88,10/10 - 11/2,125,932.0,Hurricane
318,1988,KEITH,11-17-88,11-26-88,11/17 - 11/26,65,945.0,Tropical Storm
319,1989,ALLISON,06-24-89,07-01-89,6/24 - 7/1,45,999.0,Tropical Storm
320,1989,BARRY,07-09-89,07-14-89,7/9 - 7/14,45,1005.0,Tropical Storm
321,1989,CHANTAL,07-30-89,08-03-89,7/30 - 8/3,70,984.0,Hurricane
322,1989,DEAN,07-31-89,08-09-89,7/31 - 8/9,90,968.0,Hurricane
323,1989,ERIN,08-18-89,08-27-89,8/18 - 8/27,90,968.0,Hurricane
324,1989,FELIX,08-26-89,09-10-89,8/26 - 9/10,75,979.0,Hurricane
325,1989,GABRIELLE,08-30-89,09-13-89,8/30 - 9/13,125,935.0,Hurricane
326,1989,IRIS,09-16-89,09-21-89,9/16 - 9/21,60,1001.0,Tropical Storm
327,1989,HUGO,09-10-89,09-25-89,9/10 - 9/25,140,918.0,Hurricane
328,1989,JERRY,10-12-89,10-16-89,10/12 - 10/16,75,982.0,Hurricane
329,1989,KAREN,11-28-89,12-04-89,11/28 - 12/4,50,1000.0,Tropical Storm
330,1990,ARTHUR,07-22-90,07-27-90,7/22 - 7/27,60,995.0,Tropical Storm
331,1990,BERTHA,07-24-90,08-02-90,7/24 - 8/2,70,973.0,Hurricane
332,1990,CESAR,07-31-90,08-07-90,7/31 - 8/7,45,1000.0,Tropical Storm
333,1990,DIANA,08-04-90,08-09-90,8/4 - 8/9,85,980.0,Hurricane
334,1990,EDOUARD,08-02-90,08-13-90,8/2 - 8/13,40,1003.0,Tropical Storm
335,1990,FRAN,08-11-90,08-14-90,8/11 - 8/14,35,1007.0,Tropical Storm
336,1990,HORTENSE,08-25-90,08-31-90,8/25 - 8/31,55,993.0,Tropical Storm
337,1990,GUSTAV,08-24-90,09-03-90,8/24 - 9/3,105,956.0,Hurricane
338,1990,ISIDORE,09-04-90,09-17-90,9/4 - 9/17,85,978.0,Hurricane
339,1990,JOSEPHINE,09-21-90,10-06-90,9/21 - 10/6,75,980.0,Hurricane
340,1990,KLAUS,10-03-90,10-09-90,10/3 - 10/9,70,985.0,Hurricane
341,1990,MARCO,10-09-90,10-13-90,10/9 - 10/13,55,989.0,Tropical Storm
342,1990,LILI,10-06-90,10-15-90,10/6 - 10/15,65,987.0,Hurricane
343,1990,NANA,10-16-90,10-21-90,10/16 - 10/21,75,989.0,Hurricane
344,1991,ANA,06-29-91,07-05-91,6/29 - 7/5,45,1000.0,Tropical Storm
345,1991,BOB,08-16-91,08-29-91,8/16 - 8/29,100,950.0,Hurricane
346,1991,DANNY,09-07-91,09-11-91,9/7 - 9/11,45,998.0,Tropical Storm
347,1991,ERIKA,09-08-91,09-12-91,9/8 - 9/12,50,997.0,Tropical Storm
348,1991,CLAUDETTE,09-04-91,09-14-91,9/4 - 9/14,115,944.0,Hurricane
349,1991,FABIAN,10-15-91,10-17-91,10/15 - 10/17,40,1002.0,Tropical Storm
350,1991,GRACE,10-25-91,10-29-91,10/25 - 10/29,90,980.0,Hurricane
351,1992,ANDREW,08-16-92,08-28-92,8/16 - 8/28,150,922.0,Hurricane
352,1992,DANIELLE,09-22-92,09-26-92,9/22 - 9/26,55,1001.0,Tropical Storm
353,1992,CHARLEY,09-21-92,09-29-92,9/21 - 9/29,95,965.0,Hurricane
354,1992,BONNIE,09-17-92,10-02-92,9/17 - 10/2,95,965.0,Hurricane
355,1992,EARL,09-26-92,10-03-92,9/26 - 10/3,55,990.0,Tropical Storm
356,1992,FRANCES,10-22-92,10-30-92,10/22 - 10/30,75,976.0,Hurricane
357,1993,ARLENE,06-18-93,06-21-93,6/18 - 6/21,35,1000.0,Tropical Storm
358,1993,BRET,08-04-93,08-11-93,8/4 - 8/11,50,1002.0,Tropical Storm
359,1993,CINDY,08-14-93,08-17-93,8/14 - 8/17,40,1007.0,Tropical Storm
360,1993,DENNIS,08-23-93,08-28-93,8/23 - 8/28,45,1000.0,Tropical Storm
361,1993,EMILY,08-22-93,09-06-93,8/22 - 9/6,100,960.0,Hurricane
362,1993,FLOYD,09-07-93,09-13-93,9/7 - 9/13,70,966.0,Hurricane
363,1993,HARVEY,09-18-93,09-21-93,9/18 - 9/21,65,990.0,Hurricane
364,1993,GERT,09-14-93,09-26-93,9/14 - 9/26,85,970.0,Hurricane
365,1994,ALBERTO,06-30-94,07-07-94,6/30 - 7/7,55,993.0,Tropical Storm
366,1994,BERYL,08-14-94,08-19-94,8/14 - 8/19,50,999.0,Tropical Storm
367,1994,CHRIS,08-16-94,08-23-94,8/16 - 8/23,70,979.0,Hurricane
368,1994,DEBBY,09-09-94,09-11-94,9/9 - 9/11,60,1006.0,Tropical Storm
369,1994,ERNESTO,09-21-94,09-26-94,9/21 - 9/26,50,997.0,Tropical Storm
370,1994,FLORENCE,11-02-94,11-08-94,11/2 - 11/8,95,972.0,Hurricane
371,1994,GORDON,11-08-94,11-21-94,11/8 - 11/21,75,980.0,Hurricane
372,1995,ALLISON,06-03-95,06-11-95,6/3 - 6/11,65,982.0,Hurricane
373,1995,BARRY,07-05-95,07-10-95,7/5 - 7/10,60,989.0,Tropical Storm
374,1995,CHANTAL,07-12-95,07-22-95,7/12 - 7/22,60,991.0,Tropical Storm
375,1995,DEAN,07-28-95,08-02-95,7/28 - 8/2,40,999.0,Tropical Storm
376,1995,ERIN,07-31-95,08-06-95,7/31 - 8/6,85,973.0,Hurricane
377,1995,GABRIELLE,08-09-95,08-12-95,8/9 - 8/12,60,988.0,Tropical Storm
378,1995,FELIX,08-08-95,08-25-95,8/8 - 8/25,120,929.0,Hurricane
379,1995,JERRY,08-22-95,08-28-95,8/22 - 8/28,35,1002.0,Tropical Storm
380,1995,HUMBERTO,08-22-95,09-01-95,8/22 - 9/1,95,968.0,Hurricane
381,1995,KAREN,08-26-95,09-03-95,8/26 - 9/3,45,1000.0,Tropical Storm
382,1995,IRIS,08-22-95,09-07-95,8/22 - 9/7,95,957.0,Hurricane
383,1995,LUIS,08-28-95,09-12-95,8/28 - 9/12,130,935.0,Hurricane
384,1995,MARILYN,09-12-95,10-01-95,9/12 - 10/1,100,949.0,Hurricane
385,1995,OPAL,09-27-95,10-06-95,9/27 - 10/6,130,916.0,Hurricane
386,1995,NOEL,09-26-95,10-07-95,9/26 - 10/7,65,987.0,Hurricane
387,1995,PABLO,10-04-95,10-08-95,10/4 - 10/8,50,994.0,Tropical Storm
388,1995,ROXANNE,10-07-95,10-21-95,10/7 - 10/21,100,956.0,Hurricane
389,1995,SEBASTIEN,10-20-95,10-25-95,10/20 - 10/25,55,1001.0,Tropical Storm
390,1995,TANYA,10-27-95,11-03-95,10/27 - 11/3,75,970.0,Hurricane
391,1996,ARTHUR,06-17-96,06-23-96,6/17 - 6/23,45,992.0,Tropical Storm
392,1996,BERTHA,07-05-96,07-17-96,7/5 - 7/17,100,960.0,Hurricane
393,1996,CESAR,07-24-96,07-28-96,7/24 - 7/28,75,985.0,Hurricane
394,1996,DOLLY,08-19-96,08-25-96,8/19 - 8/25,70,989.0,Hurricane
395,1996,GUSTAV,08-26-96,09-02-96,8/26 - 9/2,40,1005.0,Tropical Storm
396,1996,EDOUARD,08-19-96,09-06-96,8/19 - 9/6,125,933.0,Hurricane
397,1996,FRAN,08-23-96,09-10-96,8/23 - 9/10,105,946.0,Hurricane
398,1996,HORTENSE,09-03-96,09-16-96,9/3 - 9/16,120,935.0,Hurricane
399,1996,ISIDORE,09-24-96,10-02-96,9/24 - 10/2,100,960.0,Hurricane
400,1996,KYLE,10-11-96,10-12-96,10/11 - 10/12,45,1001.0,Tropical Storm
401,1996,JOSEPHINE,10-04-96,10-16-96,10/4 - 10/16,60,970.0,Tropical Storm
402,1996,LILI,10-14-96,10-29-96,10/14 - 10/29,100,960.0,Hurricane
403,1996,MARCO,11-13-96,11-26-96,11/13 - 11/26,65,983.0,Hurricane
404,1997,ANA,06-30-97,07-05-97,6/30 - 7/5,40,1000.0,Tropical Storm
405,1997,BILL,07-11-97,07-13-97,7/11 - 7/13,65,986.0,Hurricane
406,1997,CLAUDETTE,07-13-97,07-16-97,7/13 - 7/16,40,1003.0,Tropical Storm
407,1997,DANNY,07-16-97,07-27-97,7/16 - 7/27,70,984.0,Hurricane
408,1997,ERIKA,09-03-97,09-19-97,9/3 - 9/19,110,946.0,Hurricane
409,1997,FABIAN,10-04-97,10-08-97,10/4 - 10/8,40,1004.0,Tropical Storm
410,1997,GRACE,10-14-97,10-17-97,10/14 - 10/17,40,999.0,Tropical Storm
411,1998,ALEX,07-27-98,08-02-98,7/27 - 8/2,45,1002.0,Tropical Storm
412,1998,CHARLEY,08-21-98,08-24-98,8/21 - 8/24,60,1000.0,Tropical Storm
413,1998,BONNIE,08-19-98,08-31-98,8/19 - 8/31,100,954.0,Hurricane
414,1998,DANIELLE,08-24-98,09-08-98,8/24 - 9/8,90,960.0,Hurricane
415,1998,EARL,08-31-98,09-08-98,8/31 - 9/8,85,964.0,Hurricane
416,1998,FRANCES,09-08-98,09-13-98,9/8 - 9/13,55,990.0,Tropical Storm
417,1998,HERMINE,09-17-98,09-20-98,9/17 - 9/20,40,999.0,Tropical Storm
418,1998,IVAN,09-19-98,09-27-98,9/19 - 9/27,80,975.0,Hurricane
419,1998,KARL,09-23-98,09-29-98,9/23 - 9/29,90,970.0,Hurricane
420,1998,GEORGES,09-15-98,10-01-98,9/15 - 10/1,135,937.0,Hurricane
421,1998,JEANNE,09-21-98,10-04-98,9/21 - 10/4,90,969.0,Hurricane
422,1998,LISA,10-05-98,10-10-98,10/5 - 10/10,65,995.0,Hurricane
423,1998,MITCH,10-22-98,11-09-98,10/22 - 11/9,155,905.0,Hurricane
424,1998,NICOLE,11-24-98,12-02-98,11/24 - 12/2,75,979.0,Hurricane
425,1999,ARLENE,06-11-99,06-18-99,6/11 - 6/18,50,1006.0,Tropical Storm
426,1999,BRET,08-18-99,08-25-99,8/18 - 8/25,125,944.0,Hurricane
427,1999,EMILY,08-24-99,08-28-99,8/24 - 8/28,45,1004.0,Tropical Storm
428,1999,CINDY,08-19-99,08-31-99,8/19 - 8/31,120,942.0,Hurricane
429,1999,DENNIS,08-24-99,09-08-99,8/24 - 9/8,90,962.0,Hurricane
430,1999,FLOYD,09-07-99,09-19-99,9/7 - 9/19,135,921.0,Hurricane
431,1999,HARVEY,09-19-99,09-22-99,9/19 - 9/22,50,994.0,Tropical Storm
432,1999,GERT,09-11-99,09-23-99,9/11 - 9/23,130,930.0,Hurricane
433,1999,IRENE,10-12-99,10-19-99,10/12 - 10/19,95,958.0,Hurricane
434,1999,JOSE,10-17-99,10-25-99,10/17 - 10/25,85,979.0,Hurricane
435,1999,KATRINA,10-28-99,11-01-99,10/28 - 11/1,35,999.0,Tropical Storm
436,1999,LENNY,11-13-99,11-23-99,11/13 - 11/23,135,933.0,Hurricane
437,2000,BERYL,08-13-00,08-15-00,8/13 - 8/15,45,1007.0,Tropical Storm
438,2000,CHRIS,08-17-00,08-19-00,8/17 - 8/19,35,1008.0,Tropical Storm
439,2000,DEBBY,08-19-00,08-24-00,8/19 - 8/24,75,991.0,Hurricane
440,2000,ALBERTO,08-03-00,08-25-00,8/3 - 8/25,110,950.0,Hurricane
441,2000,ERNESTO,09-01-00,09-03-00,9/1 - 9/3,35,1008.0,Tropical Storm
442,2000,FLORENCE,09-10-00,09-17-00,9/10 - 9/17,70,985.0,Hurricane
443,2000,GORDON,09-14-00,09-21-00,9/14 - 9/21,70,981.0,Hurricane
444,2000,HELENE,09-15-00,09-25-00,9/15 - 9/25,60,986.0,Tropical Storm
445,2000,JOYCE,09-25-00,10-02-00,9/25 - 10/2,80,975.0,Hurricane
446,2000,ISAAC,09-21-00,10-04-00,9/21 - 10/4,120,943.0,Hurricane
447,2000,KEITH,09-28-00,10-06-00,9/28 - 10/6,120,939.0,Hurricane
448,2000,LESLIE,10-04-00,10-10-00,10/4 - 10/10,60,973.0,Tropical Storm
449,2000,MICHAEL,10-15-00,10-20-00,10/15 - 10/20,85,965.0,Hurricane
450,2000,NADINE,10-19-00,10-22-00,10/19 - 10/22,50,999.0,Tropical Storm
451,2001,ALLISON,06-05-01,06-19-01,6/5 - 6/19,50,1000.0,Tropical Storm
452,2001,BARRY,08-02-01,08-08-01,8/2 - 8/8,60,990.0,Tropical Storm
453,2001,CHANTAL,08-14-01,08-22-01,8/14 - 8/22,60,997.0,Tropical Storm
454,2001,DEAN,08-22-01,08-29-01,8/22 - 8/29,60,994.0,Tropical Storm
455,2001,ERIN,09-01-01,09-17-01,9/1 - 9/17,105,968.0,Hurricane
456,2001,FELIX,09-07-01,09-19-01,9/7 - 9/19,100,962.0,Hurricane
457,2001,GABRIELLE,09-11-01,09-21-01,9/11 - 9/21,70,975.0,Hurricane
458,2001,HUMBERTO,09-21-01,09-27-01,9/21 - 9/27,90,970.0,Hurricane
459,2001,JERRY,10-06-01,10-08-01,10/6 - 10/8,45,1004.0,Tropical Storm
460,2001,IRIS,10-04-01,10-09-01,10/4 - 10/9,125,948.0,Hurricane
461,2001,KAREN,10-11-01,10-15-01,10/11 - 10/15,70,982.0,Hurricane
462,2001,LORENZO,10-27-01,10-31-01,10/27 - 10/31,35,1007.0,Tropical Storm
463,2001,MICHELLE,10-29-01,11-06-01,10/29 - 11/6,120,933.0,Hurricane
464,2001,NOEL,11-04-01,11-06-01,11/4 - 11/6,65,986.0,Hurricane
465,2001,OLGA,11-23-01,12-04-01,11/23 - 12/4,80,973.0,Hurricane
466,2002,ARTHUR,07-14-02,07-19-02,7/14 - 7/19,50,992.0,Tropical Storm
467,2002,CRISTOBAL,08-05-02,08-08-02,8/5 - 8/8,45,999.0,Tropical Storm
468,2002,BERTHA,08-04-02,08-09-02,8/4 - 8/9,35,1007.0,Tropical Storm
469,2002,DOLLY,08-29-02,09-04-02,8/29 - 9/4,50,997.0,Tropical Storm
470,2002,EDOUARD,09-01-02,09-06-02,9/1 - 9/6,55,1002.0,Tropical Storm
471,2002,FAY,09-05-02,09-11-02,9/5 - 9/11,50,998.0,Tropical Storm
472,2002,GUSTAV,09-08-02,09-15-02,9/8 - 9/15,85,960.0,Hurricane
473,2002,HANNA,09-12-02,09-15-02,9/12 - 9/15,50,1001.0,Tropical Storm
474,2002,JOSEPHINE,09-17-02,09-19-02,9/17 - 9/19,50,1004.0,Tropical Storm
475,2002,ISIDORE,09-14-02,09-27-02,9/14 - 9/27,110,934.0,Hurricane
476,2002,LILI,09-21-02,10-04-02,9/21 - 10/4,125,938.0,Hurricane
477,2002,KYLE,09-20-02,10-12-02,9/20 - 10/12,75,980.0,Hurricane
478,2003,BILL,06-28-03,07-03-03,6/28 - 7/3,50,997.0,Tropical Storm
479,2003,CLAUDETTE,07-07-03,07-17-03,7/7 - 7/17,80,979.0,Hurricane
480,2003,DANNY,07-16-03,07-27-03,7/16 - 7/27,65,1000.0,Hurricane
481,2003,ERIKA,08-14-03,08-17-03,8/14 - 8/17,65,986.0,Hurricane
482,2003,GRACE,08-30-03,09-02-03,8/30 - 9/2,35,1007.0,Tropical Storm
483,2003,HENRI,09-03-03,09-08-03,9/3 - 9/8,50,997.0,Tropical Storm
484,2003,FABIAN,08-27-03,09-09-03,8/27 - 9/9,125,939.0,Hurricane
485,2003,ISABEL,09-06-03,09-20-03,9/6 - 9/20,145,915.0,Hurricane
486,2003,JUAN,09-24-03,09-29-03,9/24 - 9/29,90,969.0,Hurricane
487,2003,LARRY,09-27-03,10-07-03,9/27 - 10/7,55,993.0,Tropical Storm
488,2003,KATE,09-25-03,10-10-03,9/25 - 10/10,110,952.0,Hurricane
489,2003,MINDY,10-10-03,10-14-03,10/10 - 10/14,40,1002.0,Tropical Storm
490,2003,NICHOLAS,10-13-03,11-01-03,10/13 - 11/1,60,990.0,Tropical Storm
491,2003,ODETTE,12-04-03,12-09-03,12/4 - 12/9,55,993.0,Tropical Storm
492,2003,PETER,12-07-03,12-11-03,12/7 - 12/11,60,990.0,Tropical Storm
493,2003,ANA,04-18-04,04-27-04,4/18 - 4/27,50,994.0,Tropical Storm
494,2004,ALEX,07-31-04,08-06-04,7/31 - 8/6,105,957.0,Hurricane
495,2004,BONNIE,08-03-04,08-14-04,8/3 - 8/14,55,1001.0,Tropical Storm
496,2004,CHARLEY,08-09-04,08-15-04,8/9 - 8/15,130,941.0,Hurricane
497,2004,EARL,08-13-04,08-15-04,8/13 - 8/15,45,1009.0,Tropical Storm
498,2004,DANIELLE,08-13-04,08-24-04,8/13 - 8/24,95,964.0,Hurricane
499,2004,HERMINE,08-27-04,08-31-04,8/27 - 8/31,50,1002.0,Tropical Storm
500,2004,GASTON,08-27-04,09-03-04,8/27 - 9/3,65,985.0,Hurricane
501,2004,FRANCES,08-25-04,09-10-04,8/25 - 9/10,125,935.0,Hurricane
502,2004,IVAN,09-02-04,09-24-04,9/2 - 9/24,145,910.0,Hurricane
503,2004,KARL,09-16-04,09-28-04,9/16 - 9/28,125,938.0,Hurricane
504,2004,JEANNE,09-13-04,09-29-04,9/13 - 9/29,105,950.0,Hurricane
505,2004,LISA,09-19-04,10-03-04,9/19 - 10/3,65,987.0,Hurricane
506,2004,NICOLE,10-10-04,10-11-04,10/10 - 10/11,45,986.0,Extratropical
507,2004,MATTHEW,10-08-04,10-11-04,10/8 - 10/11,40,997.0,Tropical Storm
508,2004,OTTO,11-26-04,12-05-04,11/26 - 12/5,45,995.0,Tropical Storm
509,2005,ARLENE,06-08-05,06-14-05,6/8 - 6/14,60,989.0,Tropical Storm
510,2005,BRET,06-28-05,06-30-05,6/28 - 6/30,35,1002.0,Tropical Storm
511,2005,CINDY,07-03-05,07-11-05,7/3 - 7/11,65,991.0,Hurricane
512,2005,DENNIS,07-04-05,07-18-05,7/4 - 7/18,130,930.0,Hurricane
513,2005,EMILY,07-11-05,07-21-05,7/11 - 7/21,140,929.0,Hurricane
514,2005,GERT,07-23-05,07-25-05,7/23 - 7/25,40,1005.0,Tropical Storm
515,2005,FRANKLIN,07-21-05,07-31-05,7/21 - 7/31,60,997.0,Tropical Storm
516,2005,HARVEY,08-02-05,08-14-05,8/2 - 8/14,55,994.0,Tropical Storm
517,2005,IRENE,08-04-05,08-18-05,8/4 - 8/18,90,970.0,Hurricane
518,2005,JOSE,08-22-05,08-23-05,8/22 - 8/23,50,998.0,Tropical Storm
519,2005,KATRINA,08-23-05,08-31-05,8/23 - 8/31,150,902.0,Hurricane
520,2005,LEE,08-28-05,09-03-05,8/28 - 9/3,35,1006.0,Tropical Storm
521,2005,NATE,09-05-05,09-12-05,9/5 - 9/12,80,979.0,Hurricane
522,2005,MARIA,09-01-05,09-14-05,9/1 - 9/14,100,962.0,Hurricane
523,2005,OPHELIA,09-06-05,09-23-05,9/6 - 9/23,75,976.0,Hurricane
524,2005,PHILIPPE,09-17-05,09-24-05,9/17 - 9/24,70,985.0,Hurricane
525,2005,RITA,09-18-05,09-26-05,9/18 - 9/26,155,895.0,Hurricane
526,2005,STAN,10-01-05,10-05-05,10/1 - 10/5,70,977.0,Hurricane
527,2005,TAMMY,10-05-05,10-07-05,10/5 - 10/7,45,1001.0,Tropical Storm
528,2005,VINCE,10-08-05,10-11-05,10/8 - 10/11,65,988.0,Hurricane
529,2005,ALPHA,10-22-05,10-24-05,10/22 - 10/24,45,998.0,Tropical Storm
530,2005,WILMA,10-15-05,10-26-05,10/15 - 10/26,160,882.0,Hurricane
531,2005,BETA,10-26-05,10-31-05,10/26 - 10/31,100,962.0,Hurricane
532,2005,GAMMA,11-14-05,11-22-05,11/14 - 11/22,45,1002.0,Tropical Storm
533,2005,DELTA,11-19-05,11-29-05,11/19 - 11/29,60,980.0,Tropical Storm
534,2005,EPSILON,11-29-05,12-09-05,11/29 - 12/9,75,981.0,Hurricane
535,2005,ZETA,12-30-05,01-07-06,12/30 - 1/7,55,994.0,Tropical Storm
536,2006,ALBERTO,06-10-06,06-19-06,6/10 - 6/19,60,969.0,Tropical Storm
537,2006,BERYL,07-18-06,07-22-06,7/18 - 7/22,50,1000.0,Tropical Storm
538,2006,CHRIS,08-01-06,08-06-06,8/1 - 8/6,55,1001.0,Tropical Storm
539,2006,DEBBY,08-21-06,08-28-06,8/21 - 8/28,45,999.0,Tropical Storm
540,2006,ERNESTO,08-24-06,09-04-06,8/24 - 9/4,65,985.0,Hurricane
541,2006,FLORENCE,09-03-06,09-19-06,9/3 - 9/19,80,963.0,Hurricane
542,2006,GORDON,09-10-06,09-24-06,9/10 - 9/24,105,955.0,Hurricane
543,2006,HELENE,09-12-06,09-24-06,9/12 - 9/27,105,955.0,Hurricane
544,2006,ISAAC,09-27-06,10-03-06,9/27 - 10/3,75,985.0,Hurricane
545,2007,ANDREA,05-06-07,05-14-07,5/6 - 5/14,65,998.0,Extratropical
546,2007,BARRY,05-31-07,06-05-07,5/31 - 6/5,50,990.0,Tropical Storm
547,2007,CHANTAL,07-31-07,08-05-07,7/31 - 8/5,60,964.0,Tropical Storm
548,2007,ERIN,08-15-07,08-19-07,8/15 - 8/19,50,995.0,Tropical Storm
549,2007,DEAN,08-13-07,08-23-07,8/13 - 8/23,150,905.0,Hurricane
550,2007,FELIX,08-31-07,09-06-07,8/31 - 9/6,150,929.0,Hurricane
551,2007,GABRIELLE,09-08-07,09-11-07,9/8 - 9/11,50,1004.0,Tropical Storm
552,2007,HUMBERTO,09-12-07,09-14-07,9/12 - 9/14,80,985.0,Hurricane
553,2007,INGRID,09-12-07,09-18-07,9/12 - 9/18,40,1002.0,Tropical Storm
554,2007,JERRY,09-23-07,09-24-07,9/23 - 9/24,35,1003.0,Tropical Storm
555,2007,LORENZO,09-25-07,09-28-07,9/25 - 9/28,70,990.0,Hurricane
556,2007,KAREN,09-25-07,09-29-07,9/25 - 9/29,65,988.0,Hurricane
557,2007,MELISSA,09-28-07,10-05-07,9/28 - 10/5,35,1005.0,Tropical Storm
558,2007,NOEL,10-24-07,11-06-07,10/24 - 11/6,75,965.0,Hurricane
559,2007,OLGA,12-10-07,12-16-07,12/10 - 12/16,50,1003.0,Tropical Storm
560,2008,ARTHUR,05-31-08,06-02-08,5/31 - 6/2,40,1004.0,Tropical Storm
561,2008,BERTHA,07-03-08,07-21-08,7/3 - 7/21,110,952.0,Hurricane
562,2008,CRISTOBAL,07-19-08,07-23-08,7/19 - 7/23,55,998.0,Tropical Storm
563,2008,DOLLY,07-20-08,07-27-08,7/20 - 7/27,85,963.0,Hurricane
564,2008,EDOUARD,08-03-08,08-06-08,8/3 - 8/6,55,996.0,Tropical Storm
565,2008,FAY,08-15-08,08-28-08,8/15 - 8/28,60,986.0,Tropical Storm
566,2008,GUSTAV,08-25-08,09-05-08,8/25 - 9/5,135,941.0,Hurricane
567,2008,HANNA,08-28-08,09-08-08,8/28 - 9/8,75,977.0,Hurricane
568,2008,JOSEPHINE,09-02-08,09-10-08,9/2 - 9/10,55,994.0,Tropical Storm
569,2008,IKE,09-01-08,09-15-08,9/1 - 9/15,125,935.0,Hurricane
570,2008,KYLE,09-25-08,09-30-08,9/25 - 9/30,75,984.0,Hurricane
571,2008,LAURA,09-26-08,10-04-08,9/26 - 10/4,70,990.0,Tropical Storm
572,2008,MARCO,10-06-08,10-07-08,10/6 - 10/7,55,998.0,Tropical Storm
573,2008,NANA,10-12-08,10-15-08,10/12 - 10/15,35,1004.0,Tropical Storm
574,2008,OMAR,10-13-08,10-21-08,10/13 - 10/21,115,958.0,Hurricane
575,2008,PALOMA,11-05-08,11-14-08,11/5 - 11/14,125,944.0,Hurricane
576,2009,ANA,08-10-09,08-16-09,8/10 - 8/16,35,1003.0,Tropical Storm
577,2009,CLAUDETTE,08-16-09,08-17-09,8/16 - 8/17,50,1005.0,Tropical Storm
578,2009,BILL,08-15-09,08-26-09,8/15 - 8/26,115,943.0,Hurricane
579,2009,DANNY,08-26-09,08-29-09,8/26 - 8/29,50,1006.0,Tropical Storm
580,2009,ERIKA,09-01-09,09-04-09,9/1 - 9/4,45,1004.0,Tropical Storm
581,2009,FRED,09-07-09,09-19-09,9/7 - 9/19,105,958.0,Hurricane
582,2009,GRACE,09-27-09,10-06-09,9/27 - 10/6,55,986.0,Tropical Storm
583,2009,HENRI,10-06-09,10-11-09,10/6 - 10/11,45,1005.0,Tropical Storm
584,2009,IDA,11-04-09,11-11-09,11/4 - 11/11,90,975.0,Hurricane
585,2010,ALEX,06-24-10,07-02-10,6/24 - 7/2,95,946.0,Hurricane
586,2010,BONNIE,07-22-10,07-25-10,7/22 - 7/25,40,1005.0,Tropical Storm
587,2010,COLIN,08-02-10,08-08-10,8/2 - 8/8,50,1005.0,Tropical Storm
588,2010,DANIELLE,08-21-10,09-03-10,8/21 - 9/3,115,942.0,Hurricane
589,2010,FIONA,08-30-10,09-04-10,8/30 - 9/4,55,998.0,Tropical Storm
590,2010,EARL,08-24-10,09-06-10,8/24 - 9/6,125,927.0,Hurricane
591,2010,GASTON,09-01-10,09-08-10,9/1 - 9/8,35,1005.0,Tropical Storm
592,2010,HERMINE,09-03-10,09-10-10,9/3 - 9/10,60,989.0,Tropical Storm
593,2010,KARL,09-13-10,09-18-10,9/13 - 9/18,110,956.0,Hurricane
594,2010,IGOR,09-08-10,09-23-10,9/8 - 9/23,135,924.0,Hurricane
595,2010,JULIA,09-12-10,09-24-10,9/12 - 9/24,120,948.0,Hurricane
596,2010,MATTHEW,09-23-10,09-26-10,9/23 - 9/26,50,998.0,Tropical Storm
597,2010,LISA,09-20-10,09-29-10,9/20 - 9/29,75,982.0,Hurricane
598,2010,NICOLE,09-28-10,09-30-10,9/28 - 9/30,40,994.0,Tropical Storm
599,2010,PAULA,10-11-10,10-15-10,10/11 - 10/15,90,981.0,Hurricane
600,2010,OTTO,10-06-10,10-17-10,10/6 - 10/17,75,976.0,Hurricane
601,2010,RICHARD,10-19-10,10-26-10,10/19 - 10/26,85,977.0,Hurricane
602,2010,SHARY,10-28-10,10-30-10,10/28 - 10/30,65,989.0,Hurricane
603,2010,TOMAS,10-29-10,11-10-10,10/29 - 11/10,85,982.0,Hurricane
604,2011,ARLENE,06-28-11,07-01-11,6/28 - 7/1,55,993.0,Tropical Storm
605,2011,BRET,07-16-11,07-23-11,7/16 - 7/23,60,995.0,Tropical Storm
606,2011,CINDY,07-20-11,07-23-11,7/20 - 7/23,60,994.0,Tropical Storm
607,2011,DON,07-27-11,07-30-11,7/27 - 7/30,45,997.0,Tropical Storm
608,2011,EMILY,08-02-11,08-07-11,8/2 - 8/7,45,1003.0,Tropical Storm
609,2011,FRANKLIN,08-12-11,08-16-11,8/12 - 8/16,40,1004.0,Tropical Storm
610,2011,GERT,08-13-11,08-17-11,8/13 - 8/17,55,1000.0,Tropical Storm
611,2011,HARVEY,08-19-11,08-22-11,8/19 - 8/22,55,994.0,Tropical Storm
612,2011,JOSE,08-26-11,08-29-11,8/26 - 8/29,40,1006.0,Tropical Storm
613,2011,IRENE,08-21-11,08-30-11,8/21 - 8/30,105,942.0,Hurricane
614,2011,LEE,09-02-11,09-06-11,9/2 - 9/6,50,986.0,Tropical Storm
615,2011,KATIA,08-28-11,09-12-11,8/28 - 9/12,120,942.0,Hurricane
616,2011,NATE,09-06-11,09-12-11,9/6 - 9/12,65,994.0,Hurricane
617,2011,MARIA,09-06-11,09-16-11,9/6 - 9/16,70,983.0,Hurricane
618,2011,OPHELIA,09-20-11,10-04-11,9/20 - 10/4,120,940.0,Hurricane
619,2011,PHILIPPE,09-23-11,10-09-11,9/23 - 10/9,80,976.0,Hurricane
620,2011,RINA,10-22-11,10-29-11,10/22 - 10/29,100,966.0,Hurricane
621,2011,SEAN,11-06-11,11-12-11,11/6 - 11/12,55,982.0,Tropical Storm
622,2012,ALBERTO,05-19-12,05-23-12,5/19 - 5/23,50,995.0,Tropical Storm
623,2012,BERYL,05-25-12,06-02-12,5/25 - 6/2,60,992.0,Tropical Storm
624,2012,CHRIS,06-17-12,06-24-12,6/17 - 6/24,75,974.0,Hurricane
625,2012,DEBBY,06-23-12,06-27-12,6/23 - 6/27,55,990.0,Tropical Storm
626,2012,FLORENCE,08-03-12,08-08-12,8/3 - 8/8,50,1002.0,Tropical Storm
627,2012,ERNESTO,08-01-12,08-10-12,8/1 - 8/10,85,973.0,Hurricane
628,2012,HELENE,08-09-12,08-19-12,8/9 - 8/19,40,1004.0,Tropical Storm
629,2012,GORDON,08-15-12,08-21-12,8/15 - 8/21,95,965.0,Hurricane
630,2012,JOYCE,08-21-12,08-24-12,8/21 - 8/24,35,1006.0,Tropical Storm
631,2012,ISAAC,08-20-12,09-01-12,8/20 - 9/1,70,965.0,Hurricane
632,2012,KIRK,08-28-12,09-03-12,8/28 - 9/3,90,970.0,Hurricane
633,2012,MICHAEL,09-02-12,09-12-12,9/2 - 9/12,100,964.0,Hurricane
634,2012,LESLIE,08-28-12,09-12-12,8/28 - 9/12,70,968.0,Hurricane
635,2012,NADINE,09-10-12,10-04-12,9/10 - 10/4,80,978.0,Hurricane
636,2012,OSCAR,10-02-12,10-05-12,10/2 - 10/5,45,994.0,Tropical Storm
637,2012,PATTY,10-10-12,10-13-12,10/10 - 10/13,40,1005.0,Tropical Storm
638,2012,RAFAEL,10-12-12,10-26-12,10/12 - 10/26,80,966.0,Hurricane
639,2012,TONY,10-21-12,10-26-12,10/21 - 10/26,45,1000.0,Tropical Storm
640,2012,SANDY,10-21-12,10-31-12,10/21 - 10/31,100,940.0,Hurricane
641,2013,BARBARA,05-28-13,05-30-13,5/28 - 5/30,70,983.0,Hurricane
642,2013,ANDREA,06-05-13,06-08-13,6/5 - 6/8,55,992.0,Tropical Storm
643,2013,BARRY,06-16-13,06-21-13,6/16 - 6/21,40,1003.0,Tropical Storm
644,2013,CHANTAL,07-07-13,07-10-13,7/7 - 7/10,55,1003.0,Tropical Storm
645,2013,DORIAN,07-22-13,08-04-13,7/22 - 8/4,50,1002.0,Tropical Storm
646,2013,ERIN,08-15-13,08-19-13,8/15 - 8/19,40,1006.0,Tropical Storm
647,2013,FERNAND,08-25-13,08-26-13,8/25 - 8/26,50,1001.0,Tropical Storm
648,2013,GABRIELLE,09-04-13,09-13-13,9/4 - 9/13,55,1003.0,Tropical Storm
649,2013,INGRID,09-12-13,09-17-13,9/12 - 9/17,75,983.0,Hurricane
650,2013,HUMBERTO,09-08-13,09-19-13,9/8 - 9/19,80,979.0,Hurricane
651,2013,KAREN,10-03-13,10-06-13,10/3 - 10/6,55,998.0,Tropical Storm
652,2013,JERRY,09-28-13,10-06-13,9/28 - 10/6,45,1005.0,Tropical Storm
653,2013,LORENZO,10-21-13,10-26-13,10/21 - 10/26,45,1000.0,Tropical Storm
654,2013,MELISSA,11-17-13,11-23-13,11/17 - 11/23,55,980.0,Tropical Storm
655,2014,ARTHUR,06-28-14,07-09-14,6/28 - 7/9,85,972.0,Hurricane
656,2014,BERTHA,07-29-14,08-09-14,7/29 - 8/9,70,996.0,Hurricane
657,2014,CRISTOBAL,08-23-14,09-02-14,8/23 - 9/2,75,963.0,Hurricane
658,2014,DOLLY,09-01-14,09-04-14,9/1 - 9/4,45,1000.0,Tropical Storm
659,2014,EDOUARD,09-10-14,09-22-14,9/10 - 9/22,105,955.0,Hurricane
660,2014,FAY,10-10-14,10-13-14,10/10 - 10/13,70,983.0,Hurricane
661,2014,GONZALO,10-11-14,10-20-14,10/11 - 10/20,125,940.0,Hurricane
662,2014,HANNA,10-21-14,10-29-14,10/21 - 10/29,35,1000.0,Tropical Storm
663,2015,ANA,05-06-15,05-12-15,5/6 - 5/12,50,998.0,Tropical Storm
664,2015,BILL,06-16-15,06-21-15,6/16 - 6/21,50,997.0,Tropical Storm
665,2015,CLAUDETTE,07-12-15,07-15-15,7/12 - 7/15,45,1003.0,Tropical Storm
666,2015,DANNY,08-17-15,08-24-15,8/17 - 8/24,110,960.0,Hurricane
667,2015,ERIKA,08-24-15,08-28-15,8/24 - 8/28,45,1001.0,Tropical Storm
668,2015,FRED,08-30-15,09-06-15,8/30 - 9/6,75,986.0,Hurricane
669,2015,GRACE,09-05-15,09-09-15,9/5 - 9/9,50,1000.0,Tropical Storm
670,2015,HENRI,09-08-15,09-11-15,9/8 - 9/11,45,1003.0,Tropical Storm
671,2015,IDA,09-15-15,09-28-15,9/15 - 9/28,45,1001.0,Tropical Storm
672,2015,JOAQUIN,09-26-15,10-15-15,9/26 - 10/15,135,931.0,Hurricane
673,2015,KATE,11-08-15,11-13-15,11/8 - 11/13,75,980.0,Hurricane
674,2016,ALEX,01-07-16,01-17-16,1/7 - 1/17,75,978.0,Hurricane
675,2016,COLIN,06-05-16,06-08-16,6/5 - 6/8,50,987.0,Tropical Storm
676,2016,BONNIE,05-27-16,06-09-16,5/27 - 6/9,40,1006.0,Tropical Storm
677,2016,DANIELLE,06-18-16,06-21-16,6/18 - 6/21,40,1007.0,Tropical Storm
678,2016,EARL,08-02-16,08-06-16,8/2 - 8/6,75,979.0,Hurricane
679,2016,FIONA,08-16-16,08-24-16,8/16 - 8/24,45,1004.0,Tropical Storm
680,2016,GASTON,08-21-16,09-03-16,8/21 - 9/3,105,955.0,Hurricane
681,2016,HERMINE,08-28-16,09-08-16,8/28 - 9/8,70,981.0,Hurricane
682,2016,IAN,09-12-16,09-17-16,9/12 - 9/17,55,984.0,Tropical Storm
683,2016,JULIA,09-13-16,09-21-16,9/13 - 9/21,45,1007.0,Tropical Storm
684,2016,KARL,09-12-16,09-26-16,9/12 - 9/26,60,980.0,Tropical Storm
685,2016,LISA,09-19-16,09-26-16,9/19 - 9/26,45,999.0,Tropical Storm
686,2016,MATTHEW,09-28-16,10-10-16,9/28 - 10/10,145,934.0,Hurricane
687,2016,NICOLE,10-04-16,10-19-16,10/4 - 10/19,120,950.0,Hurricane
688,2016,OTTO,11-17-16,11-26-16,11/17 - 11/26,100,975.0,Hurricane
689,2017,ARLENE,04-16-17,04-22-17,4/16 - 4/22,55,986.0,Tropical Storm
690,2017,BRET,06-18-17,06-20-17,6/18 - 6/20,45,1007.0,Tropical Storm
691,2017,CINDY,06-19-17,06-24-17,6/19 - 6/24,50,991.0,Tropical Storm
692,2017,DON,07-17-17,07-18-17,7/17 - 7/18,45,1005.0,Tropical Storm
693,2017,EMILY,07-30-17,08-02-17,7/30 - 8/2,50,1001.0,Tropical Storm
694,2017,FRANKLIN,08-06-17,08-10-17,8/6 - 8/10,75,981.0,Hurricane
695,2017,GERT,08-12-17,08-18-17,8/12 - 8/18,95,962.0,Hurricane
696,2017,HARVEY,08-16-17,09-02-17,8/16 - 9/2,115,937.0,Hurricane
697,2017,KATIA,09-05-17,09-09-17,9/5 - 9/9,90,972.0,Hurricane
698,2017,IRMA,08-30-17,09-13-17,8/30 - 9/13,155,914.0,Hurricane
699,2017,JOSE,09-04-17,09-25-17,9/4 - 9/25,135,938.0,Hurricane
700,2017,LEE,09-14-17,09-30-17,9/14 - 9/30,100,962.0,Hurricane
701,2017,MARIA,09-16-17,10-02-17,9/16 - 10/2,150,908.0,Hurricane
702,2017,NATE,10-03-17,10-11-17,10/3 - 10/11,80,981.0,Hurricane
703,2017,OPHELIA,10-06-17,10-17-17,10/6 - 10/17,100,957.0,Hurricane
704,2017,PHILIPPE,10-27-17,10-29-17,10/27 - 10/29,35,1000.0,Tropical Storm
705,2017,RINA,11-04-17,11-09-17,11/4 - 11/9,50,991.0,Tropical Storm
706,2018,ALBERTO,05-25-18,05-31-18,5/25 - 5/31,55,990.0,Tropical Storm
707,2018,CHRIS,07-05-18,07-17-18,7/5 - 7/17,90,969.0,Hurricane
708,2018,BERYL,07-04-18,07-17-18,7/4 - 7/17,70,991.0,Hurricane
709,2018,DEBBY,08-02-18,08-10-18,8/2 - 8/10,45,998.0,Tropical Storm
710,2018,ERNESTO,08-15-18,08-19-18,8/15 - 8/19,40,999.0,Tropical Storm
711,2018,GORDON,09-02-18,09-07-18,9/2 - 9/7,60,996.0,Tropical Storm
712,2018,ISAAC,09-07-18,09-15-18,9/7 - 9/15,65,995.0,Hurricane
713,2018,HELENE,09-07-18,09-17-18,9/7 - 9/17,95,967.0,Hurricane
714,2018,FLORENCE,08-30-18,09-18-18,8/30 - 9/18,130,937.0,Hurricane
715,2018,JOYCE,09-12-18,09-21-18,9/12 - 9/21,45,995.0,Tropical Storm
716,2018,KIRK,09-22-18,09-28-18,9/22 - 9/28,55,998.0,Tropical Storm
717,2018,NADINE,10-08-18,10-12-18,10/8 - 10/12,55,995.0,Tropical Storm
718,2018,LESLIE,09-22-18,10-14-18,9/22 - 10/14,80,968.0,Hurricane
719,2018,MICHAEL,10-06-18,10-15-18,10/6 - 10/15,140,919.0,Hurricane
720,2018,OSCAR,10-26-18,11-04-18,10/26 - 11/4,95,952.0,Hurricane
721,2019,ANDREA,05-20-19,05-22-19,5/20 - 5/22,35,1006.0,Tropical Low
722,2019,BARRY,07-10-19,07-16-19,7/10 - 7/16,65,993.0,Hurricane
723,2019,CHANTAL,08-20-19,08-26-19,8/20 - 8/26,35,1007.0,Tropical Storm
724,2019,ERIN,08-26-19,08-29-19,8/26 - 8/29,35,1002.0,Tropical Storm
725,2019,FERNAND,09-03-19,09-05-19,9/3 - 9/5,45,1000.0,Tropical Storm
726,2019,DORIAN,08-24-19,09-09-19,8/24 - 9/9,160,910.0,Hurricane
727,2019,GABRIELLE,09-03-19,09-11-19,9/3 - 9/11,55,995.0,Tropical Storm
728,2019,IMELDA,09-17-19,09-19-19,9/17 - 9/19,40,1003.0,Tropical Storm
729,2019,HUMBERTO,09-12-19,09-20-19,9/12 - 9/20,110,950.0,Hurricane
730,2019,KAREN,09-22-19,09-27-19,9/22 - 9/27,40,1003.0,Tropical Storm
731,2019,JERRY,09-17-19,09-28-19,9/17 - 9/28,90,976.0,Hurricane
732,2019,LORENZO,09-22-19,10-04-19,9/22 - 10/4,140,925.0,Hurricane
733,2019,MELISSA,10-08-19,10-14-19,10/8 - 10/14,55,994.0,Tropical Storm
734,2019,NESTOR,10-17-19,10-21-19,10/17 - 10/21,50,996.0,Tropical Storm
735,2019,OLGA,10-25-19,10-27-19,10/25 - 10/27,45,992.0,Tropical Storm
736,2019,PABLO,10-23-19,10-29-19,10/23 - 10/29,70,977.0,Hurricane
737,2019,REBEKAH,10-27-19,11-01-19,10/27 - 11/1,70,965.0,Extratropical
738,2019,SEBASTIEN,11-19-19,11-27-19,11/19 - 11/27,60,970.0,Tropical Storm
739,2020,ARTHUR,05-16-20,05-21-20,5/16 - 5/21,55,989.0,Tropical Storm
740,2020,BERTHA,05-27-20,05-28-20,5/27 - 5/28,45,1005.0,Tropical Storm
741,2020,AMANDA,05-30-20,05-31-20,5/30 - 5/31,35,1003.0,Tropical Storm
742,2020,CRISTOBAL,06-01-20,06-12-20,6/1 - 6/12,50,982.0,Tropical Storm
743,2020,DOLLY,06-22-20,06-25-20,6/22 - 6/25,40,1000.0,Tropical Storm
744,2020,EDOUARD,07-04-20,07-09-20,7/4 - 7/9,40,1005.0,Tropical Storm
745,2020,FAY,07-05-20,07-11-20,7/5 - 7/11,50,998.0,Tropical Storm
746,2020,GONZALO,07-20-20,07-25-20,7/20 - 7/25,55,997.0,Tropical Storm
747,2020,HANNA,07-23-20,07-26-20,7/23 - 7/26,80,973.0,Hurricane
748,2020,ISAIAS,07-28-20,08-05-20,7/28 - 8/5,80,986.0,Hurricane
749,2020,KYLE,08-14-20,08-16-20,8/14 - 8/16,45,1000.0,Tropical Storm
750,2020,JOSEPHINE,08-10-20,08-16-20,8/10 - 8/16,40,1004.0,Tropical Storm
751,2020,MARCO,08-20-20,08-25-20,8/20 - 8/25,65,991.0,Hurricane
752,2020,LAURA,08-20-20,08-29-20,8/20 - 8/29,130,937.0,Hurricane
753,2020,NANA,09-01-20,09-04-20,9/1 - 9/4,65,994.0,Hurricane
754,2020,OMAR,08-30-20,09-06-20,8/30 - 9/6,35,1003.0,Tropical Storm
755,2020,RENE,09-06-20,09-14-20,9/6 - 9/14,40,1001.0,Tropical Storm
756,2020,SALLY,09-11-20,09-18-20,9/11 - 9/18,95,965.0,Hurricane
757,2020,ALPHA,09-14-20,09-19-20,9/14 - 9/19,60,992.0,Extratropical
758,2020,VICKY,09-14-20,09-19-20,9/14 - 9/19,45,1001.0,Tropical Storm
759,2020,WILFRED,09-17-20,09-21-20,9/17 - 9/21,35,1006.0,Tropical Storm
760,2020,TEDDY,09-12-20,09-24-20,9/12 - 9/24,120,945.0,Hurricane
761,2020,BETA,09-17-20,09-25-20,9/17 - 9/25,55,993.0,Tropical Storm
762,2020,PAULETTE,09-07-20,09-28-20,9/7 - 9/28,90,965.0,Hurricane
763,2020,GAMMA,10-02-20,10-06-20,10/2 - 10/6,65,978.0,Hurricane
764,2020,DELTA,10-04-20,10-11-20,10/4 - 10/11,120,953.0,Hurricane
765,2020,EPSILON,10-16-20,10-26-20,10/16 - 10/26,100,952.0,Hurricane
766,2020,ZETA,10-24-20,10-30-20,10/24 - 10/30,100,970.0,Hurricane
767,2020,ETA,10-31-20,11-14-20,10/31 - 11/14,130,922.0,Hurricane
768,2020,THETA,11-08-20,11-16-20,11/8 - 11/16,60,987.0,Tropical Storm
769,2020,IOTA,11-12-20,11-18-20,11/12 - 11/18,135,917.0,Hurricane
770,2021,ANA,05-20-21,05-24-21,5/20 - 5/24,50,1004.0,Tropical Storm
771,2021,BILL,06-13-21,06-16-21,6/13 - 6/16,55,992.0,Tropical Storm
772,2021,CLAUDETTE,06-17-21,06-23-21,6/17 - 6/23,40,1003.0,Tropical Storm
773,2021,DANNY,06-27-21,06-29-21,6/27 - 6/29,40,1009.0,Tropical Storm
774,2021,ELSA,06-30-21,07-10-21,6/30 - 7/10,75,991.0,Hurricane
775,2021,FRED,08-09-21,08-20-21,8/9 - 8/20,55,991.0,Tropical Storm
776,2021,GRACE,08-13-21,08-21-21,8/13 - 8/21,105,967.0,Hurricane
777,2021,HENRI,08-15-21,08-24-21,8/15 - 8/24,65,986.0,Hurricane
778,2021,JULIAN,08-28-21,08-31-21,8/28 - 8/31,50,993.0,Tropical Storm
779,2021,KATE,08-27-21,09-01-21,8/27 - 9/1,40,1004.0,Tropical Storm
780,2021,IDA,08-26-21,09-04-21,8/26 - 9/4,130,929.0,Hurricane
781,2021,MINDY,09-08-21,09-10-21,9/8 - 9/10,50,1000.0,Tropical Storm
782,2021,LARRY,08-31-21,09-11-21,8/31 - 9/11,110,953.0,Hurricane
783,2021,NICHOLAS,09-12-21,09-17-21,9/12 - 9/17,65,988.0,Hurricane
784,2021,PETER,09-19-21,09-22-21,9/19 - 9/22,45,1005.0,Tropical Storm
785,2021,ROSE,09-19-21,09-24-21,9/19 - 9/24,50,1004.0,Tropical Storm
786,2021,ODETTE,09-16-21,09-26-21,9/16 - 9/26,55,989.0,Tropical Storm
787,2021,TERESA,09-26-21,09-26-21,9/24 - 9/26,40,1008.0,Tropical Low
788,2021,VICTOR,10-04-21,10-04-21,9/29 - 10/4,55,997.0,Tropical Storm
789,2021,SAM,10-07-21,10-07-21,9/22 - 10/7,135,927.0,Hurricane
790,2021,WANDA,11-08-21,11-08-21,10/25 - 11/8,60,973.0,Tropical Storm
791,2022,Alex,06-02-22,06-06-22,6/2 - 6/6,60,984.0,Tropical Storm
792,2022,Bonnie,06-27-22,07-09-22,6/27 - 7/9,100,964.0,Hurricane
793,2022,Colin,07-02-22,07-03-22,7/2 - 7/3,35,1012.0,Tropical Storm
794,2022,Danielle,09-01-22,09-08-22,9/1 - 9/8,80,1013.0,Hurricane
795,2022,Earl,09-02-22,09-10-22,9/2 - 9/10,90,1005.0,Hurricane
796,2022,Eleven,09-28-22,09-29-22,9/28 - 9/29,30,1010.0,Tropical Depression
797,2022,Fiona,09-14-22,09-24-22,9/14 - 9/24,115,1009.0,Hurricane
798,2022,Four,08-19-22,08-20-22,8/19 - 8/20,30,1010.0,Potential Tropical Cyclone
799,2022,Gaston,09-20-22,09-26-22,9/20 - 9/26,55,1013.0,Tropical Storm
800,2022,Hermine,09-23-22,09-25-22,9/23 - 9/25,35,1008.0,Tropical Storm
801,2022,Ian,09-23-22,10-01-22,9/23 - 10/1,135,1010.0,Hurricane
802,2022,Julia,10-06-22,10-09-22,10/6 - 10/9,75,1006.0,Hurricane
803,2022,Karl,10-11-22,10-15-22,10/11 - 10/15,50,1008.0,Tropical Storm
804,2022,Lisa,10-30-22,11-03-22,10/30 - 11/5,75,1009.0,Hurricane
805,2022,Martin,11-01-22,11-03-22,11/1 - 11/3,75,997.0,Hurricane
806,2022,Nicole,11-07-22,11-11-22,11/7 - 11/11,65,1004.0,Hurricane
807,2022,Twelve,10-04-22,10-06-22,10/4 - 10/6,30,1010.0,Tropical Depression
808,Year,Storms,Hurricanes,Deaths,Damage ($),Retired Names,,
809,1950,13,11,26,3100000,0,,
810,1951,10,8,259,0,0,,
811,1952,7,6,600,300000,0,,
812,1953,14,6,0,100000,0,,
813,1954,11,8,1199,78100000,"2 -Carol,Hazel",,
814,1955,12,9,1210,96000000,"4 -Connie,Diane,Ione,Janet",,
815,1956,8,4,61,2500000,0,,
816,1957,8,3,630,15200000,1 -Audrey,,
817,1958,10,7,37,1100000,0,,
818,1959,11,7,0,2200000,0,,
819,1960,7,4,148,39300000,1 -Donna,,
820,1961,11,8,321,40600000,"2 -Carla,Hattie",,
821,1962,5,3,0,200000,0,,
822,1963,9,7,8000,1300000,1 -Flora,,
823,1964,12,6,255,51500000,"3 -Cleo,Dora,Hilda",,
824,1965,6,4,76,144500000,1 -Betsy,,
825,1966,11,7,1090,1500000,1 -Inez,,
826,1967,8,6,59,20000000,1 -Beulah,,
827,1968,8,4,0,1100000,1 -Edna,,
828,1969,18,12,259,142100000,1 -Camille,,
829,1970,10,5,51,45400000,1 -Celia,,
830,1971,13,6,30,21200000,0,,
831,1972,7,3,129,210200000,1 -Agnes,,
832,1973,8,4,16,1800000,0,,
833,1974,11,4,8002,15000000,"2 -Carmen,Fifi",,
834,1975,9,6,80,49000000,1 -Eloise,,
835,1976,10,6,68,10000000,0,,
836,1977,6,5,0,1000000,1 -Anita,,
837,1978,12,5,0,2000000,0,,
838,1979,9,5,2069,305000000,"2 -David,Frederic",,
839,1980,11,9,259,30000000,1 -Allen,,
840,1981,12,7,0,2500000,0,,
841,1982,6,2,138,200000,0,,
842,1983,4,3,21,200000000,1 -Alicia,,
843,1984,13,5,35,6600000,0,,
844,1985,10,7,210,372500000,"2 -Elena,Gloria",,
845,1986,6,4,9,1700000,0,,
846,1987,7,3,0,100000,0,,
847,1988,12,5,555,5900000,"2 -Gilbert,Joan",,
848,1989,11,7,56,767000000,1 -Hugo,,
849,1990,13,8,123,5700000,"2 -Diana,Klaus",,
850,1991,8,4,0,150000000,1 -Bob,,
851,1992,7,4,26,2650000000,1 -Andrew,,
852,1993,8,4,267,5700000,0,,
853,1994,7,3,1175,97300000,0,,
854,1995,19,11,117,372900000,"4 -Luis,Marilyn,Opal,Roxanne",,
855,1996,13,9,126,360000000,"3 -Cesar,Fran,Hortense",,
856,1997,8,3,4,10000000,0,,
857,1998,14,10,9715,316500000,"2 -Georges,Mitch",,
858,1999,12,8,78,553200000,"2 -Floyd,Lenny",,
859,2000,15,8,30,2600000,1 -Keith,,
860,2001,15,9,92,526000000,"3 -Allison,Iris,Michelle",,
861,2002,12,4,23,122000000,"2 -Isidore,Lili",,
862,2003,16,7,50,358000000,"3 -Fabian,Isabel,Juan",,
863,2004,15,9,3126,4523500000,"4 -Charley,Frances,Ivan,Jeanne",,
864,2005,28,15,3483,115520000000,"5 -Dennis,Katrina,Rita,Stan,Wilma",,
865,2006,10,5,5,50000000,0,,
866,2007,15,6,341,5000000,"3 -Dean,Felix,Noel",,
867,2008,16,8,761,2494500000,"3 -Gustav,Ike,Paloma",,
868,2009,11,3,6,7700000,0,,
869,2010,21,12,287,1235600000,"2 -Igor,Tomas",,
870,2011,19,7,100,2100000000,1 -Irene,,
871,2012,19,10,199,75000000000,1 -Sandy,,
872,2013,13,2,47,151000000,1 -Ingrid,,
873,2014,9,6,17,23200000,0,,
874,2015,12,4,89,59000000,"2 -Erika,Joaquin",,
875,2016,15,7,748,1749000000,"2 -Matthew,Otto",,
876,2017,17,10,3364,2946700000,"4 -Harvey,Irma,Maria,Nate",,
877,2018,15,8,173,50205000000,"2 -Florence,Michael",,
878,,,,,,,,
879,,,,,,,,
880,,,,,,,,
881,,,,,,,,
882,,,,,,,,
883,,,,,,,,
884,,,,,,,,
885,,,,,,,,
886,,,,,,,,
887,,,,,,,,
